pipeline,overall_mean_seconds
Pipeline 1,3.7772747933864594
Pipeline 4,17.459388490517934
