pipeline,overall_mean_seconds
Pipeline 1,3.605813908576965
Pipeline 4,15.614192420244217
